<?xml version="1.0" encoding="UTF-8"?>
<project-private xmlns="http://www.netbeans.org/ns/project-private/1">
    <editor-bookmarks xmlns="http://www.netbeans.org/ns/editor-bookmarks/2" lastBookmarkId="0"/>
    <open-files xmlns="http://www.netbeans.org/ns/projectui-open-files/2">
        <group>
            <file>file:/C:/Users/Mohamed%20Nasser/Documents/NetBeansProjects/Game11/Game11/Game11/src/Game3/RTank.java</file>
            <file>file:/C:/Users/Mohamed%20Nasser/Documents/NetBeansProjects/Game11/Game11/Game11/src/Game3/Health.java</file>
            <file>file:/C:/Users/Mohamed%20Nasser/Documents/NetBeansProjects/Game11/Game11/Game11/src/Game3/Map.java</file>
            <file>file:/C:/Users/Mohamed%20Nasser/Documents/NetBeansProjects/Game11/Game11/Game11/src/Game3/PowerUp.java</file>
            <file>file:/C:/Users/Mohamed%20Nasser/Documents/NetBeansProjects/Game11/Game11/Game11/src/Game3/Tanks.java</file>
            <file>file:/C:/Users/Mohamed%20Nasser/Documents/NetBeansProjects/Game11/Game11/Game11/src/Game3/Map1.java</file>
            <file>file:/C:/Users/Mohamed%20Nasser/Documents/NetBeansProjects/Game11/Game11/Game11/src/Game3/Game.java</file>
            <file>file:/C:/Users/Mohamed%20Nasser/Documents/NetBeansProjects/Game11/Game11/Game11/src/Game3/Bullet.java</file>
        </group>
    </open-files>
</project-private>
